,Product Name,Details,Prices
1,Billion,"PerfectFit Solid Men Mandarin Collar Dark Blue, Grey, B...",₹485
2,TRIPR,Printed Men Hooded Neck Black T-Shirt,₹300
3,HELMONT,"Striped Men Hooded Neck Red, Black T-Shirt",₹209
4,Eyebogler,Color Block Men Hooded Neck Multicolor T-Shirt,₹286
5,FastColors,"Solid Men Mandarin Collar White, Black T-Shirt",₹299
6,Eyebogler,Color Block Men Round Neck Yellow T-Shirt,₹261
7,BLIVE,"Striped Men Round Neck Maroon, Grey T-Shirt",₹258
8,Eyebogler,Color Block Men Round Neck Grey T-Shirt,₹299
9,Seven Rocks,Color Block Men Round Neck Black T-Shirt,₹299
10,TRIPR,Printed Men Hooded Neck Red T-Shirt,₹303
11,FastColors,"Color Block Men Round Neck Black, Yellow T-Shirt",₹590
12,Eyebogler,Color Block Men Hooded Neck Multicolor T-Shirt,₹261
13,Seven Rocks,Solid Men Mandarin Collar Green T-Shirt,₹243
14,Seven Rocks,Solid Men Hooded Neck Black T-Shirt,₹356
15,FastColors,"Striped Men Round Neck White, Blue T-Shirt",₹272
16,Try This,"Color Block Men Round Neck Blue, Yellow T-Shirt",₹308
17,FastColors,"Solid Men Mandarin Collar White, Black T-Shirt",₹299
18,FastColors,"Solid Men Mandarin Collar White, Blue T-Shirt",₹287
19,JACK & JONES,Printed Men Round Neck Blue T-Shirt,₹296
20,TRIPR,"Solid Men Henley Neck Pink, Black T-Shirt",₹265
21,London Hills,"Solid Men Round Neck Red, Yellow T-Shirt",₹399
22,TRIPR,Printed Men Hooded Neck Dark Green T-Shirt,₹299
23,TRIPR,Printed Men Hooded Neck Dark Blue T-Shirt,₹284
24,Reya,Striped Men Round Neck Blue T-Shirt,₹311
25,BLIVE,"Striped Men Round Neck Dark Blue, Grey T-Shirt",₹258
26,TRIPR,"Printed Men Hooded Neck Dark Green, Black T-Shirt",₹265
27,FastColors,Solid Men Round Neck Dark Blue T-Shirt,₹287
28,U.S. POLO ASSN.,Solid Men Round Neck Maroon T-Shirt,₹188
29,Allen Solly,Solid Men Polo Neck Maroon T-Shirt,₹420
30,TRIPR,Solid Men Hooded Neck Black T-Shirt,₹265
31,Bike,"Printed Men Hooded Neck White, Red T-Shirt",₹299
32,Try This,Striped Men Round Neck White T-Shirt,₹345
33,Seven Rocks,Solid Men Mandarin Collar Maroon T-Shirt,₹239
34,Try This,Striped Men Round Neck Black T-Shirt,₹335
35,FastColors,"Solid Men Round Neck Black, Red, White T-Shirt",₹281
36,U.S. POLO ASSN.,"Color Block Men Polo Neck Dark Blue, Green T-Shirt",₹503
37,TRIPR,Printed Men Hooded Neck Black T-Shirt,₹265
38,BLIVE,"Solid Men Henley Neck Maroon, Dark Blue T-Shirt",₹265
39,Allen Solly,Solid Men Polo Neck Dark Blue T-Shirt,₹420
